{"cameraMode":{"drawMode":0,"name":"Shaded","section":"Shading Mode"},"sceneLighting":true,"audioPlay":false,"sceneViewState":{"m_AlwaysRefresh":false,"showFog":true,"showSkybox":true,"showFlares":true,"showImageEffects":true,"showParticleSystems":true,"showVisualEffectGraphs":true,"m_FxEnabled":true},"in2DMode":false,"pivot":{"x":-0.3364286422729492,"y":0.8688825368881226,"z":-3.5774667263031008},"rotation":{"x":0.07482071220874787,"y":0.05382194370031357,"z":-0.0040441337041556839,"w":0.9957369565963745},"size":8.350072860717774,"orthographic":true}